"";"PlotID";"Landscape_type_2";"Plot_type_3";"Date.start";"Date.end";"Duration";"Insects";"Ausgangsgewicht";"Ausgangsgewicht_trocken";"dung_wet";"dung_dry";"weight_loss";"weight_loss_percent";"elevation";"average_Temp_DL_exp";"average_Humidity_DL_exp";"average_Temp_DL";"av_prec_exp";"av_temp_exp";"Annual_P_LT";"Annual_T2AVG_LT"
"1";"5636_4_A";"b";"c";"16.05.2019";"15.06.2019";30;"yes";450;108,36;92,01;73,95;34,41;31,76;562;14,55;80,1;15,26;46;15,8;825,2333333;7,761111111
"2";"5636_4_A";"b";"c";"16.05.2019";"15.06.2019";30;"no";450,8;108,55;121,79;67,52;41,03;37,8;562;14,55;80,1;15,26;46;15,8;825,2333333;7,761111111
"3";"5636_4_F";"b";"a";"16.05.2019";"15.06.2019";30;"yes";451,2;108,65;38,59;35,81;72,84;67,04;614;16,17;73,61;16,62;47,6666666666667;15,5666666666667;846,4;7,490277778
"4";"5636_4_F";"b";"a";"16.05.2019";"15.06.2019";30;"no";450,1;108,38;50,47;35,88;72,5;66,9;614;16,17;73,61;16,62;47,6666666666667;15,5666666666667;846,4;7,490277778
"5";"5636_4_G";"b";"b";"16.05.2019";"15.06.2019";30;"yes";450,2;108,41;127,35;57,08;51,33;47,35;551;16,17;73,41;15,73;45,3333333333333;15,7;803,2;7,681666667
"6";"5636_4_G";"b";"b";"16.05.2019";"15.06.2019";30;"no";450,3;108,43;143,61;62,46;45,97;42,4;551;16,17;73,41;15,73;45,3333333333333;15,7;803,2;7,681666667
"7";"5637_3_A";"c";"c";"16.05.2019";"15.06.2019";30;"yes";451,3;108,67;91,66;83,92;24,75;22,78;558;16,33;74,64;16,95;42,6666666666667;15,8;757,8333333;7,724722222
"8";"5637_3_A";"c";"c";"16.05.2019";"15.06.2019";30;"no";451,1;108,62;87,47;76,43;32,19;29,64;558;16,33;74,64;16,95;42,6666666666667;15,8;757,8333333;7,724722222
"9";"5637_3_G";"c";"b";"16.05.2019";"15.06.2019";30;"yes";450,1;108,38;86,43;68,86;39,52;36,47;519;15,99;74,92;15,12;42,6666666666667;15,8;775,1666667;7,689166667
"10";"5637_3_G";"c";"b";"16.05.2019";"15.06.2019";30;"no";450,4;108,46;139,53;66,36;42,1;38,81;519;15,99;74,92;15,12;42,6666666666667;15,8;775,1666667;7,689166667
"11";"5637_3_U";"c";"d";"16.05.2019";"15.06.2019";30;"yes";450,5;108,48;143,08;74,42;34,06;31,4;536;17,88;66,69;16,63;38,6666666666667;15,9333333333333;717,2333333;7,7475
"12";"5637_3_U";"c";"d";"16.05.2019";"15.06.2019";30;"no";450;108,36;225,93;63,66;44,7;41,25;536;17,88;66,69;16,63;38,6666666666667;15,9333333333333;717,2333333;7,7475
"13";"5728_2_A";"b";"c";"15.05.2019";"14.06.2019";30;"yes";449,9;108,34;211,18;93,8;14,54;13,42;292;16,43;76,47;16,9;51,6666666666667;15,7666666666667;597,4;8,961666667
"14";"5728_2_A";"b";"c";"15.05.2019";"14.06.2019";30;"no";450,2;108,41;253,46;89,11;19,3;17,8;292;16,43;76,47;16,9;51,6666666666667;15,7666666666667;597,4;8,961666667
"15";"5728_2_F";"b";"a";"15.05.2019";"14.06.2019";30;"yes";450,4;108,46;278,52;74,79;33,67;31,04;380;16,37;75,79;16,93;55,6666666666667;15,3333333333333;689,9666667;8,481944444
"16";"5728_2_F";"b";"a";"15.05.2019";"14.06.2019";30;"no";450,4;108,46;322,16;88,19;20,27;18,69;380;16,37;75,79;16,93;55,6666666666667;15,3333333333333;689,9666667;8,481944444
"17";"5728_2_G";"b";"b";"15.05.2019";"14.06.2019";30;"yes";450;108,36;250,44;68,77;39,59;36,54;274;15,61;77,96;15,78;49,6666666666667;16;595,2666667;9,096944444
"18";"5728_2_G";"b";"b";"15.05.2019";"14.06.2019";30;"no";450,5;108,48;306,79;69,44;39,04;35,99;274;15,61;77,96;15,78;49,6666666666667;16;595,2666667;9,096944444
"19";"5737_3_A";"b";"c";"15.05.2019";"14.06.2019";30;"yes";450,9;108,58;295,34;72,82;35,76;32,93;545;14,63;79,64;14,73;44,6666666666667;15,7666666666667;818,9;7,747777778
"20";"5737_3_A";"b";"c";"15.05.2019";"14.06.2019";30;"no";450,1;108,38;312,34;68,93;39,45;36,4;545;14,63;79,64;14,73;44,6666666666667;15,7666666666667;818,9;7,747777778
"21";"5737_3_F";"b";"a";"15.05.2019";"14.06.2019";30;"yes";450,2;108,41;61,96;34,87;73,54;67,83;569;14,45;77,02;13,66;44;15,8666666666667;795,6;7,755555556
"22";"5737_3_F";"b";"a";"15.05.2019";"14.06.2019";30;"no";449,7;108,29;206,09;57,5;50,79;46,9;569;14,45;77,02;13,66;44;15,8666666666667;795,6;7,755555556
"23";"5737_3_G";"b";"b";"15.05.2019";"14.06.2019";30;"yes";449,6;108,26;206,73;52,07;56,19;51,9;514;15,02;77,61;14,01;45,3333333333333;15,8666666666667;781,6666667;7,832222222
"24";"5737_3_G";"b";"b";"15.05.2019";"14.06.2019";30;"no";450,8;108,55;140,55;63,17;45,38;41,81;514;15,02;77,61;14,01;45,3333333333333;15,8666666666667;781,6666667;7,832222222
"25";"5837_4_A";"b";"c";"15.05.2019";"14.06.2019";30;"yes";450,5;108,48;182,8;82,59;25,89;23,87;626;14,58;77,32;15,66;42,6666666666667;15,6;811,0333333;7,49
"26";"5837_4_A";"b";"c";"15.05.2019";"14.06.2019";30;"no";450;108,36;266,6;77,27;31,09;28,69;626;14,58;77,32;15,66;42,6666666666667;15,6;811,0333333;7,49
"27";"5837_4_F";"b";"a";"15.05.2019";"14.06.2019";30;"yes";449,8;108,31;92,43;79,43;28,88;26,67;680;15,82;70,39;15,9;45;15,5;903,2;7,4125
"28";"5837_4_F";"b";"a";"15.05.2019";"14.06.2019";30;"no";450,9;108,58;114,07;74,97;33,61;30,95;680;15,82;70,39;15,9;45;15,5;903,2;7,4125
"29";"5837_4_G";"b";"b";"15.05.2019";"14.06.2019";30;"yes";450,3;108,43;149,33;46,78;61,65;56,86;543;14,03;78,36;14,26;41;15,7666666666667;797,7;7,7
"30";"5837_4_G";"b";"b";"15.05.2019";"14.06.2019";30;"no";450,9;108,58;194,26;43,89;64,69;59,58;543;14,03;78,36;14,26;41;15,7666666666667;797,7;7,7
"31";"5838_2_A";"c";"c";"14.05.2019";"13.06.2019";30;"yes";450,2;108,41;211,76;83,56;24,85;22,92;612;15,3;75,67;16,87;43;15,3333333333333;762,0666667;7,268611111
"32";"5838_2_A";"c";"c";"14.05.2019";"13.06.2019";30;"no";450,7;108,53;197,83;77,58;30,95;28,52;612;15,3;75,67;16,87;43;15,3333333333333;762,0666667;7,268611111
"33";"5838_2_F";"c";"a";"14.05.2019";"15.06.2019";32;"yes";450,1;108,38;109,83;81,47;26,91;24,83;675;15,23;71,13;17,17;43,3333333333333;15,0666666666667;778,4666667;7,029444444
"34";"5838_2_F";"c";"a";"14.05.2019";"15.06.2019";32;"no";449,3;108,19;159,42;76,87;31,32;28,95;675;15,23;71,13;17,17;43,3333333333333;15,0666666666667;778,4666667;7,029444444
"35";"5838_2_U";"c";"d";"14.05.2019";"13.06.2019";30;"yes";450,2;108,41;150,67;75,83;32,58;30,05;571;14,79;75,02;15,79;41,3333333333333;15,6333333333333;723;7,521388889
"36";"5838_2_U";"c";"d";"14.05.2019";"13.06.2019";30;"no";450,6;108,5;195,71;77,92;30,58;28,19;571;14,79;75,02;15,79;41,3333333333333;15,6333333333333;723;7,521388889
"37";"5923_3_F";"a";"a";"15.05.2019";"13.06.2019";29;"yes";449,5;108,24;77,54;21,07;87,17;80,53;430;15,57;76,64;17,02;69,6666666666667;15,4666666666667;978,7666667;8,401111111
"38";"5923_3_F";"a";"a";"15.05.2019";"13.06.2019";29;"no";450,2;108,41;56,24;22,05;86,36;79,66;430;15,57;76,64;17,02;69,6666666666667;15,4666666666667;978,7666667;8,401111111
"39";"5923_3_G";"a";"b";"15.05.2019";"13.06.2019";29;"yes";450,5;108,48;298,11;65,19;43,29;39,91;168;16,43;81,07;17,18;57;17,3333333333333;774,8;10,02055556
"40";"5923_3_G";"a";"b";"15.05.2019";"13.06.2019";29;"no";450;108,36;305,6;66,57;41,79;38,57;168;16,43;81,07;17,18;57;17,3333333333333;774,8;10,02055556
"41";"5923_3_U";"a";"d";"15.05.2019";"13.06.2019";29;"yes";449,7;108,29;318,04;81,33;26,96;24,89;224;15,54;78,41;16,73;62,6666666666667;16,6666666666667;882,2;9,479166667
"42";"5923_3_U";"a";"d";"15.05.2019";"13.06.2019";29;"no";450,3;108,43;368,93;81,87;26,56;24,5;224;15,54;78,41;16,73;62,6666666666667;16,6666666666667;882,2;9,479166667
"43";"5924_3_A";"a";"c";"15.05.2019";"13.06.2019";29;"yes";450,8;108,55;317,53;64,74;43,81;40,36;348;16,48;75,41;17,79;60;16,2666666666667;806,1333333;9,085833333
"44";"5924_3_A";"a";"c";"15.05.2019";"13.06.2019";29;"no";450;108,36;339,33;81,18;27,18;25,08;348;16,48;75,41;17,79;60;16,2666666666667;806,1333333;9,085833333
"45";"5924_3_F";"a";"a";"15.05.2019";"13.06.2019";29;"yes";450,4;108,46;120,51;27,39;81,07;74,75;296;15,88;80,1;16,93;58;16,4666666666667;777,0333333;9,305555556
"46";"5924_3_F";"a";"a";"15.05.2019";"13.06.2019";29;"no";449,6;108,26;328,42;79,73;28,53;26,36;296;15,88;80,1;16,93;58;16,4666666666667;777,0333333;9,305555556
"47";"5924_3_U";"a";"d";"15.05.2019";"13.06.2019";29;"yes";450,2;108,41;294,96;76,01;32,4;29,89;182;16,78;74,17;17,74;56,3333333333333;17;699,9333333;9,727777778
"48";"5924_3_U";"a";"d";"15.05.2019";"13.06.2019";29;"no";449,7;108,29;365,38;85,19;23,1;21,33;182;16,78;74,17;17,74;56,3333333333333;17;699,9333333;9,727777778
"49";"5928_2_A";"b";"c";"13.05.2019";"11.06.2019";29;"yes";450;108,36;262,69;111,46;-3,1;-2,86;254;15,37;77,5;17,05;62,6666666666667;17,1333333333333;647,8666667;9,601944444
"50";"5928_2_A";"b";"c";"13.05.2019";"11.06.2019";29;"no";449,7;108,29;251,13;82,3;25,99;24;254;15,37;77,5;17,05;62,6666666666667;17,1333333333333;647,8666667;9,601944444
"51";"5928_2_F";"b";"a";"13.05.2019";"11.06.2019";29;"yes";450,1;108,38;63,94;57,43;50,95;47,01;370;14,03;NA;15,54;64,6666666666667;16,5666666666667;745,1666667;9,043055556
"52";"5928_2_F";"b";"a";"13.05.2019";"11.06.2019";29;"no";449,7;108,29;296,28;73,94;34,35;31,72;370;14,03;NA;15,54;64,6666666666667;16,5666666666667;745,1666667;9,043055556
"53";"5928_2_U";"b";"d";"13.05.2019";"11.06.2019";29;"yes";450,2;108,41;197,53;72,57;35,84;33,06;286;15,81;72,35;17,33;63;16,8666666666667;688,6666667;9,348888889
"54";"5928_2_U";"b";"d";"13.05.2019";"11.06.2019";29;"no";449,9;108,34;86,04;77,82;30,52;28,17;286;15,81;72,35;17,33;63;16,8666666666667;688,6666667;9,348888889
"55";"5933_4_A";"b";"c";"16.05.2019";"12.06.2019";27;"yes";450,2;108,41;338,32;89,1;19,31;17,81;466;16,5;75,71;16,88;53,3333333333333;16,0333333333333;859,1333333;8,360555556
"56";"5933_4_A";"b";"c";"16.05.2019";"12.06.2019";27;"no";450;108,36;337,79;95,78;12,58;11,61;466;16,5;75,71;16,88;53,3333333333333;16,0333333333333;859,1333333;8,360555556
"57";"5933_4_F";"b";"a";"16.05.2019";"12.06.2019";27;"yes";450,6;108,5;142,22;105,85;2,65;2,45;483;16,97;72,05;19,74;51,6666666666667;16,2;845,3333333;8,476666667
"58";"5933_4_F";"b";"a";"16.05.2019";"12.06.2019";27;"no";450,7;108,53;175,34;101,92;6,61;6,09;483;16,97;72,05;19,74;51,6666666666667;16,2;845,3333333;8,476666667
"59";"5933_4_U";"b";"d";"16.05.2019";"12.06.2019";27;"yes";450,4;108,46;266,66;96,65;11,81;10,89;481;16,66;71,78;17,26;55;15,9333333333333;865,1666667;8,265277778
"60";"5933_4_U";"b";"d";"16.05.2019";"12.06.2019";27;"no";449,1;108,14;385,07;92,58;15,56;14,39;481;16,66;71,78;17,26;55;15,9333333333333;865,1666667;8,265277778
"61";"5938_2_A";"b";"c";"14.05.2019";"13.06.2019";30;"yes";450,5;108,48;222,07;59,98;48,5;44,71;517;14,55;77,63;16,34;39;15,8333333333333;721,1666667;7,749722222
"62";"5938_2_A";"b";"c";"14.05.2019";"13.06.2019";30;"no";449,7;108,29;309,78;75,12;33,17;30,63;517;14,55;77,63;16,34;39;15,8333333333333;721,1666667;7,749722222
"63";"5938_2_F";"b";"a";"14.05.2019";"13.06.2019";30;"yes";449,9;108,34;158,22;82,53;25,81;23,82;590;13,99;76,58;15,44;44,3333333333333;15,5666666666667;777,2666667;7,523888889
"64";"5938_2_F";"b";"a";"14.05.2019";"13.06.2019";30;"no";450,6;108,5;194,99;78,43;30,07;27,72;590;13,99;76,58;15,44;44,3333333333333;15,5666666666667;777,2666667;7,523888889
"65";"5938_2_G";"b";"b";"14.05.2019";"13.06.2019";30;"yes";450,3;108,43;210,26;62,32;46,11;42,53;580;14,8;76,27;16,15;45,3333333333333;15,5333333333333;780,9666667;7,445555556
"66";"5938_2_G";"b";"b";"14.05.2019";"13.06.2019";30;"no";450;108,36;296,33;70,46;37,9;34,98;580;14,8;76,27;16,15;45,3333333333333;15,5333333333333;780,9666667;7,445555556
"67";"5938_3_A";"c";"c";"14.05.2019";"13.06.2019";30;"yes";449,6;108,26;212,45;79,27;28,99;26,78;538;13,84;78,56;14,46;47,3333333333333;15,9666666666667;787,5333333;7,803055556
"68";"5938_3_A";"c";"c";"14.05.2019";"13.06.2019";30;"no";449,8;108,31;279,91;77,01;31,3;28,9;538;13,84;78,56;14,46;47,3333333333333;15,9666666666667;787,5333333;7,803055556
"69";"5938_3_F";"c";"a";"14.05.2019";"13.06.2019";30;"yes";449,8;108,31;156,37;84,39;23,92;22,09;625;14,33;76,04;14,97;52,3333333333333;15,4;873,4333333;7,302777778
"70";"5938_3_F";"c";"a";"14.05.2019";"13.06.2019";30;"no";449,6;108,26;145,13;79,8;28,46;26,29;625;14,33;76,04;14,97;52,3333333333333;15,4;873,4333333;7,302777778
"71";"5938_3_U";"c";"d";"14.05.2019";"13.06.2019";30;"yes";449,8;108,31;313,66;76,79;31,52;29,1;581;14,76;74,75;15,12;51;15,6333333333333;852,7;7,478055556
"72";"5938_3_U";"c";"d";"14.05.2019";"13.06.2019";30;"no";449,9;108,34;355,11;76,94;31,4;28,98;581;14,76;74,75;15,12;51;15,6333333333333;852,7;7,478055556
"73";"6022_1_F";"a";"a";"15.05.2019";"13.06.2019";29;"yes";450,1;108,38;161,37;39,92;68,46;63,17;445;14,01;80,83;15,24;70,6666666666667;15,3333333333333;1048,2;8,364722222
"74";"6022_1_F";"a";"a";"15.05.2019";"13.06.2019";29;"no";449,6;108,26;139,47;37,78;70,48;65,1;445;14,01;80,83;15,24;70,6666666666667;15,3333333333333;1048,2;8,364722222
"75";"6022_1_G";"a";"b";"15.05.2019";"13.06.2019";29;"yes";449,6;108,26;273,46;73,43;34,83;32,17;401;14,11;79,41;15,38;63,3333333333333;15,8333333333333;988,3666667;8,816388889
"76";"6022_1_G";"a";"b";"15.05.2019";"13.06.2019";29;"no";450;108,36;326,07;79,37;28,99;26,75;401;14,11;79,41;15,38;63,3333333333333;15,8333333333333;988,3666667;8,816388889
"77";"6022_1_U";"a";"d";"15.05.2019";"13.06.2019";29;"yes";450,2;108,41;303,01;71,22;37,19;34,3;346;15,25;77,14;16;62;16,0333333333333;969,5;8,958888889
"78";"6022_1_U";"a";"d";"15.05.2019";"13.06.2019";29;"no";450,3;108,43;275,49;61,22;47,21;43,54;346;15,25;77,14;16;62;16,0333333333333;969,5;8,958888889
"79";"6026_3_A";"b";"c";"16.05.2019";"16.06.2019";31;"yes";450,3;108,43;224,27;57,75;50,68;46,74;272;17,01;77,01;17,78;64;16,8;629,1;9,499722222
"80";"6026_3_A";"b";"c";"16.05.2019";"16.06.2019";31;"no";450;108,36;89,93;48,12;60,24;55,59;272;17,01;77,01;17,78;64;16,8;629,1;9,499722222
"81";"6026_3_G";"b";"b";"16.05.2019";"16.06.2019";31;"yes";449,8;108,31;184,2;81,45;26,86;24,8;283;16,87;75,49;17,29;65,6666666666667;16,4;675,4666667;9,240555556
"82";"6026_3_G";"b";"b";"16.05.2019";"16.06.2019";31;"no";450,5;108,48;362,44;84,7;23,78;21,92;283;16,87;75,49;17,29;65,6666666666667;16,4;675,4666667;9,240555556
"83";"6026_3_U";"b";"d";"16.05.2019";"16.06.2019";31;"yes";450,1;108,38;314,63;61,29;47,09;43,45;260;17,01;78,3;17,52;60,6666666666667;16,8666666666667;627,7;9,546666667
"84";"6026_3_U";"b";"d";"16.05.2019";"16.06.2019";31;"no";450,1;108,38;309,52;70,18;38,2;35,25;260;17,01;78,3;17,52;60,6666666666667;16,8666666666667;627,7;9,546666667
"85";"6027_3_A";"b";"c";"16.05.2019";"16.06.2019";31;"yes";450,2;108,41;308,49;91,07;17,34;15,99;215;17,51;75,9;18,36;57,3333333333333;17,3333333333333;576,6333333;9,861111111
"86";"6027_3_A";"b";"c";"16.05.2019";"16.06.2019";31;"no";450,3;108,43;333,7;83,48;24,95;23,01;215;17,51;75,9;18,36;57,3333333333333;17,3333333333333;576,6333333;9,861111111
"87";"6027_3_F";"b";"a";"16.05.2019";"16.06.2019";31;"yes";450,5;108,48;237,81;94,76;13,72;12,65;261;17,11;74,02;17,93;58,3333333333333;17,2666666666667;599,7666667;9,739166667
"88";"6027_3_F";"b";"a";"16.05.2019";"16.06.2019";31;"no";449,6;108,26;278,7;83,17;25,09;23,18;261;17,11;74,02;17,93;58,3333333333333;17,2666666666667;599,7666667;9,739166667
"89";"6027_3_U";"b";"d";"16.05.2019";"16.06.2019";31;"yes";450;108,36;182,89;94,5;13,86;12,79;229;17,39;74,96;18,08;55;17,3666666666667;549,8333333;9,818888889
"90";"6027_3_U";"b";"d";"16.05.2019";"16.06.2019";31;"no";450,1;108,38;225,16;82,51;25,87;23,87;229;17,39;74,96;18,08;55;17,3666666666667;549,8333333;9,818888889
"91";"6029_3_A";"a";"c";"15.05.2019";"13.06.2019";29;"yes";450,3;108,43;104,76;70,41;38,02;35,07;368;15,98;78,19;17,37;64,3333333333333;16,1333333333333;771,4333333;8,720277778
"92";"6029_3_A";"a";"c";"15.05.2019";"13.06.2019";29;"no";449,6;108,26;248,93;84,15;24,11;22,27;368;15,98;78,19;17,37;64,3333333333333;16,1333333333333;771,4333333;8,720277778
"93";"6029_3_F";"a";"a";"14.05.2019";"12.06.2019";29;"yes";450,6;108,5;149,84;88,7;19,8;18,25;408;16,16;74,68;17,47;61,3333333333333;16,3666666666667;734,7;8,920277778
"94";"6029_3_F";"a";"a";"14.05.2019";"12.06.2019";29;"no";450,2;108,41;145,77;105,96;2,45;2,26;408;16,16;74,68;17,47;61,3333333333333;16,3666666666667;734,7;8,920277778
"95";"6029_3_G";"a";"b";"14.05.2019";"12.06.2019";29;"yes";450,5;108,48;190,31;89,97;18,51;17,06;366;15,48;77,44;16,51;64,3333333333333;16,1333333333333;771,4333333;8,720277778
"96";"6029_3_G";"a";"b";"14.05.2019";"12.06.2019";29;"no";450;108,36;258,97;83,02;25,34;23,39;366;15,48;77,44;16,51;64,3333333333333;16,1333333333333;771,4333333;8,720277778
"97";"6031_4_F";"c";"a";"15.05.2019";"13.06.2019";29;"yes";450,1;108,38;209,32;98,72;9,66;8,92;281;16,16;76,66;17,21;54,6666666666667;17,1;673,5;9,509444444
"98";"6031_4_F";"c";"a";"15.05.2019";"13.06.2019";29;"no";450,7;108,53;276,57;95;13,53;12,47;281;16,16;76,66;17,21;54,6666666666667;17,1;673,5;9,509444444
"99";"6031_4_G";"c";"b";"15.05.2019";"13.06.2019";29;"yes";450;108,36;281,04;81,01;27,35;25,24;259;16,48;76,91;17,47;55;17,1333333333333;670,4666667;9,546111111
"100";"6031_4_G";"c";"b";"15.05.2019";"13.06.2019";29;"no";449,4;108,22;391,97;88,76;19,46;17,98;259;16,48;76,91;17,47;55;17,1333333333333;670,4666667;9,546111111
"101";"6031_4_U";"c";"d";"15.05.2019";"13.06.2019";29;"yes";450,5;108,48;371,94;82,22;26,26;24,21;285;16,65;74,04;17,8;55;17,1333333333333;670,4666667;9,546111111
"102";"6031_4_U";"c";"d";"15.05.2019";"13.06.2019";29;"no";450,3;108,43;237,7;49,75;58,68;54,12;285;16,65;74,04;17,8;55;17,1333333333333;670,4666667;9,546111111
"103";"6032_4_A";"b";"c";"16.05.2019";"12.06.2019";27;"yes";450,3;108,43;206,31;97,29;11,14;10,28;531;15,63;74,92;16,41;73,3333333333333;15,5666666666667;925,2666667;8,181666667
"104";"6032_4_A";"b";"c";"16.05.2019";"12.06.2019";27;"no";450;108,36;298,44;95,24;13,12;12,11;531;15,63;74,92;16,41;73,3333333333333;15,5666666666667;925,2666667;8,181666667
"105";"6032_4_F";"b";"a";"16.05.2019";"12.06.2019";27;"yes";450,4;108,46;290,02;87,18;21,28;19,62;493;15,58;78,58;16,44;61,3333333333333;16,1666666666667;853,7;8,555
"106";"6032_4_F";"b";"a";"16.05.2019";"12.06.2019";27;"no";449,3;108,19;334,67;95,77;12,42;11,48;493;15,58;78,58;16,44;61,3333333333333;16,1666666666667;853,7;8,555
"107";"6032_4_G";"b";"b";"16.05.2019";"12.06.2019";27;"yes";449,6;108,26;254,19;86,42;21,84;20,18;490;16,33;75,53;17,17;70;15,8;919,8666667;8,265
"108";"6032_4_G";"b";"b";"16.05.2019";"12.06.2019";27;"no";450,5;108,48;347,61;98,96;9,52;8,78;490;16,33;75,53;17,17;70;15,8;919,8666667;8,265
"109";"6034_2_A";"a";"c";"13.05.2019";"12.06.2019";30;"yes";449,5;108,24;111,47;68,44;39,8;36,77;415;15,58;73,64;16,72;46,3333333333333;16,2;777,7;8,4475
"110";"6034_2_A";"a";"c";"13.05.2019";"12.06.2019";30;"no";449,8;108,31;184,24;73,55;34,76;32,09;415;15,58;73,64;16,72;46,3333333333333;16,2;777,7;8,4475
"111";"6034_2_F";"a";"a";"13.05.2019";"12.06.2019";30;"yes";450,6;108,5;68,53;61,85;46,65;43;411;15,48;72,64;16,69;43;16,5;731,2;8,681388889
"112";"6034_2_F";"a";"a";"13.05.2019";"12.06.2019";30;"no";449,9;108,34;62,62;56,07;52,27;48,24;411;15,48;72,64;16,69;43;16,5;731,2;8,681388889
"113";"6034_2_G";"a";"b";"13.05.2019";"12.06.2019";30;"yes";450,5;108,48;107,69;76,82;31,66;29,19;437;15,41;72,83;16,56;47,6666666666667;16,1;804,7333333;8,357222222
"114";"6034_2_G";"a";"b";"13.05.2019";"12.06.2019";30;"no";450,6;108,5;166,5;69,14;39,36;36,28;437;15,41;72,83;16,56;47,6666666666667;16,1;804,7333333;8,357222222
"115";"6035_2_A";"c";"c";"10.05.2019";"09.06.2019";30;"yes";450,2;108,41;139,31;77,23;31,18;28,76;348;14,99;73,58;17,15;45,6666666666667;16,8;762,9666667;8,883611111
"116";"6035_2_A";"c";"c";"10.05.2019";"09.06.2019";30;"no";450,8;108,55;116,41;65,7;42,85;39,48;348;14,99;73,58;17,15;45,6666666666667;16,8;762,9666667;8,883611111
"117";"6035_2_G";"c";"b";"10.05.2019";"09.06.2019";30;"yes";450,2;108,41;139,39;71,46;36,95;34,08;434;14,85;73,41;16,84;47;16,6333333333333;805,6333333;8,686666667
"118";"6035_2_G";"c";"b";"10.05.2019";"09.06.2019";30;"no";449,5;108,24;148,05;57;51,24;47,34;434;14,85;73,41;16,84;47;16,6333333333333;805,6333333;8,686666667
"119";"6035_2_U";"c";"d";"10.05.2019";"09.06.2019";30;"yes";450,7;108,53;142,58;80,3;28,23;26,01;358;16,49;69,07;18,76;45;16,7333333333333;773,6333333;8,778333333
"120";"6035_2_U";"c";"d";"10.05.2019";"09.06.2019";30;"no";450,1;108,38;240,58;58,94;49,44;45,62;358;16,49;69,07;18,76;45;16,7333333333333;773,6333333;8,778333333
"121";"6035_3_A";"c";"c";"10.05.2019";"09.06.2019";30;"yes";450;108,36;107,61;71,57;36,79;33,95;423;14,72;74,9;16,58;47,3333333333333;16,4;796,4666667;8,546944444
"122";"6035_3_A";"c";"c";"10.05.2019";"09.06.2019";30;"no";450,5;108,48;219,97;60,95;47,53;43,81;423;14,72;74,9;16,58;47,3333333333333;16,4;796,4666667;8,546944444
"123";"6035_3_F";"c";"a";"10.05.2019";"09.06.2019";30;"yes";450,6;108,5;44,67;40,81;67,69;62,39;429;14,78;73,2;17,34;43,3333333333333;16,6333333333333;737,1333333;8,846944444
"124";"6035_3_F";"c";"a";"10.05.2019";"09.06.2019";30;"no";449,9;108,34;75,16;52,51;55,83;51,53;429;14,78;73,2;17,34;43,3333333333333;16,6333333333333;737,1333333;8,846944444
"125";"6035_3_U";"c";"d";"10.05.2019";"09.06.2019";30;"yes";450,5;108,48;110,76;53,3;55,18;50,87;343;15,35;74,55;17,3;44,3333333333333;16,8333333333333;731,6333333;8,929722222
"126";"6035_3_U";"c";"d";"10.05.2019";"09.06.2019";30;"no";450;108,36;236,06;69,2;39,16;36,14;343;15,35;74,55;17,3;44,3333333333333;16,8333333333333;731,6333333;8,929722222
"127";"6122_4_A";"a";"c";"14.05.2019";"12.06.2019";29;"yes";450,1;108,38;102,13;92,16;16,22;14,97;358;15,23;75,84;16,73;59;16,2;850,6333333;9,173333333
"128";"6122_4_A";"a";"c";"14.05.2019";"12.06.2019";29;"no";449,7;108,29;77,1;69,96;38,33;35,39;358;15,23;75,84;16,73;59;16,2;850,6333333;9,173333333
"129";"6122_4_F";"a";"a";"14.05.2019";"12.06.2019";29;"yes";449,5;108,24;96,72;86,81;21,43;19,8;314;15;78,43;16,73;56,3333333333333;16,7;790,3666667;9,6025
"130";"6122_4_F";"a";"a";"14.05.2019";"12.06.2019";29;"no";449,9;108,34;89,06;81,09;27,25;25,15;314;15;78,43;16,73;56,3333333333333;16,7;790,3666667;9,6025
"131";"6122_4_G";"a";"b";"14.05.2019";"12.06.2019";29;"yes";449,5;108,24;102,64;92,06;16,18;14,95;422;16,04;73,37;17,34;61,3333333333333;15,8333333333333;898,2666667;8,843055556
"132";"6122_4_G";"a";"b";"14.05.2019";"12.06.2019";29;"no";450;108,36;89,72;81,34;27,02;24,94;422;16,04;73,37;17,34;61,3333333333333;15,8333333333333;898,2666667;8,843055556
"133";"6123_1_A";"a";"c";"14.05.2019";"12.06.2019";29;"yes";450;108,36;92,42;83,19;25,17;23,23;313;15,2;77,95;17,1;57,6666666666667;16,5666666666667;813,6333333;9,407777778
"134";"6123_1_A";"a";"c";"14.05.2019";"12.06.2019";29;"no";450;108,36;80,3;72,5;35,86;33,09;313;15,2;77,95;17,1;57,6666666666667;16,5666666666667;813,6333333;9,407777778
"135";"6123_1_F";"a";"a";"14.05.2019";"12.06.2019";29;"yes";450;108,36;51,91;46,63;61,73;56,97;262;14,14;83,55;15,43;57,6666666666667;16,5666666666667;813,6333333;9,407777778
"136";"6123_1_F";"a";"a";"14.05.2019";"12.06.2019";29;"no";449,7;108,29;65,34;59,32;48,97;45,22;262;14,14;83,55;15,43;57,6666666666667;16,5666666666667;813,6333333;9,407777778
"137";"6123_1_G";"a";"b";"14.05.2019";"12.06.2019";29;"yes";449,8;108,31;96,95;87,41;20,9;19,3;342;15,82;77,53;17,37;59;16,2666666666667;868,1333333;9,095555556
"138";"6123_1_G";"a";"b";"14.05.2019";"12.06.2019";29;"no";449,6;108,26;75,7;69,08;39,18;36,19;342;15,82;77,53;17,37;59;16,2666666666667;868,1333333;9,095555556
"139";"6125_2_A";"a";"c";"13.05.2019";"11.06.2019";29;"yes";449,8;108,31;205,25;64,36;43,95;40,58;317;16,12;73,1;17,71;68;16,5666666666667;705,8666667;9,294722222
"140";"6125_2_A";"a";"c";"13.05.2019";"11.06.2019";29;"no";450;108,36;89,69;82,27;26,09;24,08;317;16,12;73,1;17,71;68;16,5666666666667;705,8666667;9,294722222
"141";"6125_2_F";"a";"a";"13.05.2019";"11.06.2019";29;"yes";450,3;108,43;362,45;85;23,43;21,61;272;14,46;79,38;15,94;67;16,7666666666667;690,4;9,45
"142";"6125_2_F";"a";"a";"13.05.2019";"11.06.2019";29;"no";450;108,36;292,3;69,9;38,46;35,49;272;14,46;79,38;15,94;67;16,7666666666667;690,4;9,45
"143";"6125_2_U";"a";"d";"13.05.2019";"11.06.2019";29;"yes";450,4;108,46;312,62;95,05;13,41;12,36;279;16,39;71,67;17,95;61,3333333333333;17,3666666666667;625,2666667;9,92
"144";"6125_2_U";"a";"d";"13.05.2019";"11.06.2019";29;"no";449,5;108,24;327,84;84,23;24,01;22,18;279;16,39;71,67;17,95;61,3333333333333;17,3666666666667;625,2666667;9,92
"145";"6131_1_A";"c";"c";"15.05.2019";"13.06.2019";29;"yes";450;108,36;150,48;62,81;45,55;42,04;293;16,92;76,29;17,99;54,3333333333333;17;678,7;9,416666667
"146";"6131_1_A";"c";"c";"15.05.2019";"13.06.2019";29;"no";450,7;108,53;262,9;86,05;22,48;20,71;293;16,92;76,29;17,99;54,3333333333333;17;678,7;9,416666667
"147";"6131_1_F";"c";"a";"15.05.2019";"13.06.2019";29;"yes";450,6;108,5;264,67;62,42;46,08;42,47;282;15,79;79,25;16,81;55,3333333333333;16,9666666666667;683,8333333;9,4325
"148";"6131_1_F";"c";"a";"15.05.2019";"13.06.2019";29;"no";450,5;108,48;433,96;95,01;13,47;12,42;282;15,79;79,25;16,81;55,3333333333333;16,9666666666667;683,8333333;9,4325
"149";"6131_1_U";"c";"d";"16.05.2019";"13.06.2019";28;"yes";450,5;108,48;274,2;89,41;19,07;17,58;302;17,38;72,26;20,39;56;16,8666666666667;702,4666667;9,279166667
"150";"6131_1_U";"c";"d";"16.05.2019";"13.06.2019";28;"no";450,3;108,43;415,04;96,15;12,28;11,33;302;17,38;72,26;20,39;56;16,8666666666667;702,4666667;9,279166667
"151";"6137_4_A";"a";"c";"13.05.2019";"12.06.2019";30;"yes";449,7;108,29;206,28;75,98;32,31;29,84;565;14,61;77,88;18,18;51,6666666666667;16;833,8333333;7,903333333
"152";"6137_4_A";"a";"c";"13.05.2019";"12.06.2019";30;"no";450,7;108,53;267,58;58;50,53;46,56;565;14,61;77,88;18,18;51,6666666666667;16;833,8333333;7,903333333
"153";"6137_4_F";"a";"a";"13.05.2019";"12.06.2019";30;"yes";450,6;108,5;134,63;59,77;48,73;44,91;550;14,5;76,39;16,62;50,3333333333333;16,1;803,9666667;8,087222222
"154";"6137_4_F";"a";"a";"13.05.2019";"12.06.2019";30;"no";450,5;108,48;140,11;48,87;59,61;54,95;550;14,5;76,39;16,62;50,3333333333333;16,1;803,9666667;8,087222222
"155";"6137_4_G";"a";"b";"13.05.2019";"12.06.2019";30;"yes";449,6;108,26;139,87;80,52;27,74;25,63;508;15,71;71,4;17,99;49;16,2;780,0666667;8,173611111
"156";"6137_4_G";"a";"b";"13.05.2019";"12.06.2019";30;"no";450,1;108,38;186,62;72,2;36,18;33,39;508;15,71;71,4;17,99;49;16,2;780,0666667;8,173611111
"157";"6224_2_A";"b";"c";"14.05.2019";"12.06.2019";29;"yes";449,8;108,31;102,66;92,84;15,47;14,28;242;14,94;79,13;16,04;59;17,4333333333333;636,7;9,95
"158";"6224_2_A";"b";"c";"14.05.2019";"12.06.2019";29;"no";450,2;108,41;74,36;67,71;40,7;37,54;242;14,94;79,13;16,04;59;17,4333333333333;636,7;9,95
"159";"6224_2_F";"b";"a";"14.05.2019";"12.06.2019";29;"yes";450,6;108,5;105,72;95,59;12,91;11,9;281;14,9;81,83;16,05;64,3333333333333;16,9333333333333;699,6333333;9,531388889
"160";"6224_2_F";"b";"a";"14.05.2019";"12.06.2019";29;"no";450;108,36;90,21;81,79;26,57;24,52;281;14,9;81,83;16,05;64,3333333333333;16,9333333333333;699,6333333;9,531388889
"161";"6224_2_U";"b";"d";"14.05.2019";"12.06.2019";29;"yes";449,5;108,24;108,38;98,13;10,11;9,34;299;16,88;70,26;18,22;59,3333333333333;17,2;648,5;9,671111111
"162";"6224_2_U";"b";"d";"14.05.2019";"12.06.2019";29;"no";449,9;108,34;90,68;81,57;26,77;24,71;299;16,88;70,26;18,22;59,3333333333333;17,2;648,5;9,671111111
"163";"6225_2_A";"c";"c";"13.05.2019";"11.06.2019";29;"yes";450,5;108,48;106,36;96,08;12,4;11,43;272;16,09;72,53;17,58;49,3333333333333;17,9;565;10,23277778
"164";"6225_2_A";"c";"c";"13.05.2019";"11.06.2019";29;"no";449,7;108,29;307,63;82,55;25,74;23,77;272;16,09;72,53;17,58;49,3333333333333;17,9;565;10,23277778
"165";"6225_2_F";"c";"a";"13.05.2019";"11.06.2019";29;"yes";450;108,36;185,53;57,99;50,37;46,48;279;16,47;72,22;18;52,6666666666667;17,8666666666667;624,6;10,18055556
"166";"6225_2_F";"c";"a";"13.05.2019";"11.06.2019";29;"no";449,8;108,31;64,04;58,99;49,32;45,54;279;16,47;72,22;18;52,6666666666667;17,8666666666667;624,6;10,18055556
"167";"6225_2_U";"c";"d";"13.05.2019";"11.06.2019";29;"yes";449,8;108,31;117,3;106,56;1,75;1,62;180;16,45;73,74;17,83;48,6666666666667;18,1;608,8;10,30861111
"168";"6225_2_U";"c";"d";"13.05.2019";"11.06.2019";29;"no";450,4;108,46;328,42;79,64;28,82;26,57;180;16,45;73,74;17,83;48,6666666666667;18,1;608,8;10,30861111
"169";"6231_4_A";"a";"c";"15.05.2019";"11.06.2019";27;"yes";449,8;108,31;200,07;101,3;7,01;6,47;261;17,44;74,18;18,36;56,3333333333333;17,5666666666667;663,6333333;9,685833333
"170";"6231_4_A";"a";"c";"15.05.2019";"11.06.2019";27;"no";449,8;108,31;279,77;98,95;9,36;8,64;261;17,44;74,18;18,36;56,3333333333333;17,5666666666667;663,6333333;9,685833333
"171";"6231_4_F";"a";"a";"15.05.2019";"11.06.2019";27;"yes";450,5;108,48;158,28;77,37;31,11;28,68;292;15,77;76,37;16,82;58,6666666666667;17,4666666666667;691,8;9,575555556
"172";"6231_4_F";"a";"a";"15.05.2019";"11.06.2019";27;"no";450,4;108,46;271,46;67;41,46;38,22;292;15,77;76,37;16,82;58,6666666666667;17,4666666666667;691,8;9,575555556
"173";"6231_4_G";"a";"b";"15.05.2019";"11.06.2019";27;"yes";450,8;108,55;301,92;91,67;16,88;15,55;290;16,52;74,99;18,46;59;17,5;718,3666667;9,578055556
"174";"6231_4_G";"a";"b";"15.05.2019";"11.06.2019";27;"no";449,9;108,34;346,1;80,4;27,94;25,79;290;16,52;74,99;18,46;59;17,5;718,3666667;9,578055556
"175";"6234_2_A";"a";"c";"13.05.2019";"12.06.2019";30;"yes";450,2;108,41;79,3;67,19;41,22;38,02;464;15,37;75,58;16,62;52,6666666666667;16,6;875,5666667;8,710833333
"176";"6234_2_A";"a";"c";"13.05.2019";"12.06.2019";30;"no";450,7;108,53;80,58;59,22;49,31;45,43;464;15,37;75,58;16,62;52,6666666666667;16,6;875,5666667;8,710833333
"177";"6234_2_F";"a";"a";"13.05.2019";"12.06.2019";30;"yes";450,5;108,48;89,67;77,7;30,78;28,37;474;14,52;75,03;15,81;50;16,2333333333333;921,2;8,339166667
"178";"6234_2_F";"a";"a";"13.05.2019";"12.06.2019";30;"no";450,7;108,53;103,62;78,86;29,67;27,34;474;14,52;75,03;15,81;50;16,2333333333333;921,2;8,339166667
"179";"6234_2_G";"a";"b";"13.05.2019";"12.06.2019";30;"yes";450,6;108,5;122,38;75,38;33,12;30,53;450;14,61;76,84;15,81;55,3333333333333;16,3;941,8;8,420277778
"180";"6234_2_G";"a";"b";"13.05.2019";"12.06.2019";30;"no";450,1;108,38;214,33;57,15;51,23;47,27;450;14,61;76,84;15,81;55,3333333333333;16,3;941,8;8,420277778
"181";"6327_2_A";"b";"c";"16.05.2019";"16.06.2019";31;"yes";450,5;108,48;223,03;93,53;14,95;13,78;277;16,99;74,95;17,86;64,6666666666667;17,3;624,8333333;9,739166667
"182";"6327_2_A";"b";"c";"16.05.2019";"16.06.2019";31;"no";450;108,36;253,72;84,13;24,23;22,36;277;16,99;74,95;17,86;64,6666666666667;17,3;624,8333333;9,739166667
"183";"6327_2_G";"b";"b";"16.05.2019";"16.06.2019";31;"yes";450,4;108,46;314,15;89,01;19,45;17,93;294;16,11;78,17;17,04;64;17,1;641,6666667;9,568611111
"184";"6327_2_G";"b";"b";"16.05.2019";"16.06.2019";31;"no";450,3;108,43;363,97;82,46;25,97;23,95;294;16,11;78,17;17,04;64;17,1;641,6666667;9,568611111
"185";"6327_2_U";"b";"d";"16.05.2019";"16.06.2019";31;"yes";450,4;108,46;288,28;81,8;26,66;24,58;263;16,5;78,32;17,14;61;17,3666666666667;615,5;9,763611111
"186";"6327_2_U";"b";"d";"16.05.2019";"16.06.2019";31;"no";449,6;108,26;309,8;72,16;36,1;33,35;263;16,5;78,32;17,14;61;17,3666666666667;615,5;9,763611111
"187";"6532_3_A";"c";"c";"14.05.2019";"11.06.2019";28;"yes";450,3;108,43;156,03;86,52;21,91;20,21;331;16,64;71,99;17,79;57,6666666666667;17,2333333333333;646,9;9,428888889
"188";"6532_3_A";"c";"c";"14.05.2019";"11.06.2019";28;"no";449,7;108,29;183,18;86,84;21,45;19,81;331;16,64;71,99;17,79;57,6666666666667;17,2333333333333;646,9;9,428888889
"189";"6532_3_F";"c";"a";"14.05.2019";"11.06.2019";28;"yes";449,5;108,24;151,11;91,84;16,4;15,15;323;15,73;76,02;16,95;55;17,5333333333333;608,8333333;9,659166667
"190";"6532_3_F";"c";"a";"14.05.2019";"11.06.2019";28;"no";449,2;108,17;197,41;89,9;18,27;16,89;323;15,73;76,02;16,95;55;17,5333333333333;608,8333333;9,659166667
"191";"6532_3_U";"c";"d";"14.05.2019";"11.06.2019";28;"yes";449,3;108,19;169,55;93,82;14,37;13,28;320;17,12;70,6;18,42;56,6666666666667;17,4;616,7;9,5925
"192";"6532_3_U";"c";"d";"14.05.2019";"11.06.2019";28;"no";449,2;108,17;187,67;90,77;17,4;16,08;320;17,12;70,6;18,42;56,6666666666667;17,4;616,7;9,5925
"193";"6533_4_F";"a";"a";"14.05.2019";"11.06.2019";28;"yes";450,6;108,5;130,41;95,91;12,59;11,61;410;12,71;76,26;16,65;71,3333333333333;16,6333333333333;820,1666667;8,924444444
"194";"6533_4_F";"a";"a";"14.05.2019";"11.06.2019";28;"no";449,6;108,26;134,59;102,4;5,86;5,42;410;12,71;76,26;16,65;71,3333333333333;16,6333333333333;820,1666667;8,924444444
"195";"6533_4_G";"a";"b";"14.05.2019";"11.06.2019";28;"yes";450,2;108,41;159,98;83,58;24,83;22,9;354;13,46;78,31;17,38;72;16,6333333333333;828,5666667;9,065
"196";"6533_4_G";"a";"b";"14.05.2019";"11.06.2019";28;"no";449,5;108,24;211,82;79,49;28,75;26,56;354;13,46;78,31;17,38;72;16,6333333333333;828,5666667;9,065
"197";"6533_4_U";"a";"d";"14.05.2019";"11.06.2019";28;"yes";450,2;108,41;146,24;85,96;22,45;20,71;393;13,23;77,52;16,81;71,3333333333333;16,5666666666667;814,6666667;8,936111111
"198";"6533_4_U";"a";"d";"14.05.2019";"11.06.2019";28;"no";449,2;108,17;188,28;81,76;26,41;24,41;393;13,23;77,52;16,81;71,3333333333333;16,5666666666667;814,6666667;8,936111111
"199";"6836_3_A";"b";"c";"15.05.2019";"13.06.2019";29;"yes";450,2;108,41;137,35;72,09;36,32;33,5;542;15,57;73,59;16,53;61,3333333333333;16,5;826,9666667;8,335833333
"200";"6836_3_A";"b";"c";"15.05.2019";"13.06.2019";29;"no";449,7;108,29;221,53;76,72;31,57;29,15;542;15,57;73,59;16,53;61,3333333333333;16,5;826,9666667;8,335833333
"201";"6836_3_F";"b";"a";"15.05.2019";"13.06.2019";29;"yes";450,7;108,53;162,35;81,67;26,86;24,75;570;14,72;75,55;15,76;60;16,5333333333333;837,6666667;8,273611111
"202";"6836_3_F";"b";"a";"15.05.2019";"13.06.2019";29;"no";450,2;108,41;221,21;81,46;26,95;24,86;570;14,72;75,55;15,76;60;16,5333333333333;837,6666667;8,273611111
"203";"6836_3_G";"b";"b";"15.05.2019";"13.06.2019";29;"yes";450,7;108,53;97,23;83,81;24,72;22,78;565;15,17;75,76;16,32;61;16,5333333333333;827,2;8,301111111
"204";"6836_3_G";"b";"b";"15.05.2019";"13.06.2019";29;"no";449,6;108,26;157,13;84,81;23,45;21,66;565;15,17;75,76;16,32;61;16,5333333333333;827,2;8,301111111
"205";"6934_1_A";"b";"c";"17.05.2019";"13.06.2019";27;"yes";449,7;108,29;117,27;81,05;27,24;25,15;523;NA;NA;NA;76;16,5;834,1;8,583611111
"206";"6934_1_A";"b";"c";"17.05.2019";"13.06.2019";27;"no";450,5;108,48;200,26;87,72;20,76;19,14;523;NA;NA;NA;76;16,5;834,1;8,583611111
"207";"6934_1_F";"b";"a";"17.05.2019";"13.06.2019";27;"yes";449,3;108,19;94,68;86,26;21,93;20,27;506;15,71;74,13;16,22;65,3333333333333;17,2;690,7333333;9,151111111
"208";"6934_1_F";"b";"a";"17.05.2019";"13.06.2019";27;"no";450,5;108,48;100,57;91,54;16,94;15,62;506;15,71;74,13;16,22;65,3333333333333;17,2;690,7333333;9,151111111
"209";"6934_1_G";"b";"b";"17.05.2019";"13.06.2019";27;"yes";449,7;108,29;99,85;85,56;22,73;20,99;465;16,05;75,46;17,3;73;16,6666666666667;794,6666667;8,728055556
"210";"6934_1_G";"b";"b";"17.05.2019";"13.06.2019";27;"no";450,5;108,48;140,88;89,75;18,73;17,27;465;16,05;75,46;17,3;73;16,6666666666667;794,6666667;8,728055556
"211";"6938_4_A";"c";"c";"18.05.2019";"20.06.2019";33;"yes";450,4;108,46;103,82;77,71;30,75;28,35;343;18,22;67,68;17,6;67,3333333333333;17,9333333333333;653,9666667;9,454444444
"212";"6938_4_A";"c";"c";"18.05.2019";"20.06.2019";33;"no";450,4;108,46;208,54;68,33;40,13;37;343;18,22;67,68;17,6;67,3333333333333;17,9333333333333;653,9666667;9,454444444
"213";"6938_4_G";"c";"b";"18.05.2019";"20.06.2019";33;"yes";450;108,36;177,24;64,58;43,78;40,4;363;18,89;70,36;18,2;72,6666666666667;17,7333333333333;680,3;9,281666667
"214";"6938_4_G";"c";"b";"18.05.2019";"20.06.2019";33;"no";450,2;108,41;146,57;57,17;51,24;47,26;363;18,89;70,36;18,2;72,6666666666667;17,7333333333333;680,3;9,281666667
"215";"6938_4_U";"c";"d";"18.05.2019";"20.06.2019";33;"yes";450;108,36;69,24;50,04;58,32;53,82;365;18,74;64,45;18,11;69,3333333333333;17,7;699,9666667;9,3825
"216";"6938_4_U";"c";"d";"18.05.2019";"20.06.2019";33;"no";450,3;108,43;233,53;61,14;47,29;43,61;365;18,74;64,45;18,11;69,3333333333333;17,7;699,9666667;9,3825
"217";"6945_2_F";"a";"a";"17.05.2019";"13.06.2019";27;"yes";450,2;108,41;207,55;87,38;21,03;19,4;1122;13,14;77,09;13,63;86,3333333333333;12,7333333333333;1401,833333;4,966944444
"218";"6945_2_F";"a";"a";"17.05.2019";"13.06.2019";27;"no";450,4;108,46;365,73;99,44;9,02;8,31;1122;13,14;77,09;13,63;86,3333333333333;12,7333333333333;1401,833333;4,966944444
"219";"6945_2_G";"a";"b";"17.05.2019";"13.06.2019";27;"yes";449,7;108,29;110,48;49,21;59,08;54,56;656;15,07;78,91;15,65;72,6666666666667;15,8;1153,3;7,490277778
"220";"6945_2_G";"a";"b";"17.05.2019";"13.06.2019";27;"no";450,3;108,43;229,31;59,88;48,55;44,78;656;15,07;78,91;15,65;72,6666666666667;15,8;1153,3;7,490277778
"221";"6945_2_N";"a";"a";"17.05.2019";"13.06.2019";27;"yes";450,3;108,43;118,82;100,55;7,88;7,27;932;15,3;71,38;15,85;84,6666666666667;14,3333333333333;1349,033333;6,330277778
"222";"6945_2_N";"a";"a";"17.05.2019";"13.06.2019";27;"no";450,4;108,46;155,82;105,81;2,65;2,44;932;15,3;71,38;15,85;84,6666666666667;14,3333333333333;1349,033333;6,330277778
"223";"7036_4_A";"a";"c";"15.05.2019";"12.06.2019";28;"yes";450,2;108,41;156,07;70,14;38,27;35,3;462;15,03;75,35;16,79;59,3333333333333;17;758,5;8,981944444
"224";"7036_4_A";"a";"c";"15.05.2019";"12.06.2019";28;"no";450,6;108,5;292,63;83,03;25,47;23,48;462;15,03;75,35;16,79;59,3333333333333;17;758,5;8,981944444
"225";"7036_4_F";"a";"a";"15.05.2019";"12.06.2019";28;"yes";449,2;108,17;214,19;73,12;35,05;32,4;511;15,4;73,74;16,4;59,6666666666667;16,9;773,6;8,923611111
"226";"7036_4_F";"a";"a";"15.05.2019";"12.06.2019";28;"no";450;108,36;272,58;79,2;29,16;26,91;511;15,4;73,74;16,4;59,6666666666667;16,9;773,6;8,923611111
"227";"7036_4_G";"a";"b";"15.05.2019";"12.06.2019";28;"yes";449,4;108,22;170,39;76,04;32,18;29,73;464;14,96;75,11;15,84;58,6666666666667;17;758,3666667;8,984166667
"228";"7036_4_G";"a";"b";"15.05.2019";"12.06.2019";28;"no";450,3;108,43;203,44;74,7;33,73;31,11;464;14,96;75,11;15,84;58,6666666666667;17;758,3666667;8,984166667
"229";"7143_4_F";"c";"b";"17.05.2019";"13.06.2019";27;"yes";450,5;108,48;72,94;63,41;45,07;41,55;373;17,28;72,42;18,04;74;17,0666666666667;960,3;8,765
"230";"7143_4_F";"c";"b";"17.05.2019";"13.06.2019";27;"no";450,1;108,38;177,71;97,68;10,7;9,88;373;17,28;72,42;18,04;74;17,0666666666667;960,3;8,765
"231";"7143_4_G";"c";"b";"17.05.2019";"13.06.2019";27;"yes";449,2;108,17;101,81;78,6;29,57;27,33;310;19,71;81,89;18,84;68;17,5;905,6;9,134444444
"232";"7143_4_G";"c";"b";"17.05.2019";"13.06.2019";27;"no";450,7;108,53;149,68;77,95;30,58;28,18;310;19,71;81,89;18,84;68;17,5;905,6;9,134444444
"233";"7143_4_U";"c";"d";"17.05.2019";"13.06.2019";27;"yes";450,3;108,43;110,37;63,25;45,18;41,67;377;19,88;68,49;19,5;72,3333333333333;17,3;949;8,939166667
"234";"7143_4_U";"c";"d";"17.05.2019";"13.06.2019";27;"no";450,7;108,53;211,94;76,64;31,89;29,38;377;19,88;68,49;19,5;72,3333333333333;17,3;949;8,939166667
"235";"7147_1_F";"a";"a";"17.05.2019";"11.06.2019";25;"yes";450,2;108,41;208,54;60,71;47,7;44;829;14,21;81,93;14,32;85,6666666666667;14,9666666666667;1195,666667;6,983888889
"236";"7147_1_F";"a";"a";"17.05.2019";"11.06.2019";25;"no";449,4;108,22;151,21;49,46;58,76;54,29;829;14,21;81,93;14,32;85,6666666666667;14,9666666666667;1195,666667;6,983888889
"237";"7147_1_G";"a";"b";"17.05.2019";"11.06.2019";25;"yes";450,3;108,43;287,12;73,58;34,85;32,14;679;14,37;79,51;14,8;81,3333333333333;15,5;1088,4;7,415277778
"238";"7147_1_G";"a";"b";"17.05.2019";"11.06.2019";25;"no";450,8;108,55;395,62;86,36;22,19;20,44;679;14,37;79,51;14,8;81,3333333333333;15,5;1088,4;7,415277778
"239";"7147_1_N";"a";"a";"17.05.2019";"11.06.2019";25;"yes";450,7;108,53;195,38;54,98;53,55;49,34;858;NA;NA;NA;84,3333333333333;15,0666666666667;1181,066667;7,083611111
"240";"7147_1_N";"a";"a";"17.05.2019";"11.06.2019";25;"no";449,3;108,19;210,24;56,29;51,9;47,97;858;NA;NA;NA;84,3333333333333;15,0666666666667;1181,066667;7,083611111
"241";"7246_1_A";"a";"c";"17.05.2019";"11.06.2019";25;"yes";449,7;108,29;254,3;72,92;35,37;32,66;453;16,22;79,47;16,88;72;16,9666666666667;1001,566667;8,477222222
"242";"7246_1_A";"a";"c";"17.05.2019";"11.06.2019";25;"no";449,6;108,26;372,49;79,89;28,37;26,21;453;16,22;79,47;16,88;72;16,9666666666667;1001,566667;8,477222222
"243";"7246_1_F";"a";"a";"17.05.2019";"11.06.2019";25;"yes";450,8;108,55;350,9;92,42;16,13;14,86;536;15,62;78,2;16,1;78,6666666666667;16,3666666666667;1085,5;7,988888889
"244";"7246_1_F";"a";"a";"17.05.2019";"11.06.2019";25;"no";449,6;108,26;350,45;93,05;15,21;14,05;536;15,62;78,2;16,1;78,6666666666667;16,3666666666667;1085,5;7,988888889
"245";"7246_1_G";"a";"b";"17.05.2019";"11.06.2019";25;"yes";450,5;108,48;280,28;85,2;23,28;21,46;437;15,79;78,6;16,22;79;16,6666666666667;1058,3;8,223888889
"246";"7246_1_G";"a";"b";"17.05.2019";"11.06.2019";25;"no";450,6;108,5;380;97,99;10,51;9,69;437;15,79;78,6;16,22;79;16,6666666666667;1058,3;8,223888889
"247";"7332_3_A";"b";"c";"16.05.2019";"15.06.2019";30;"yes";450,5;108,48;143,53;80,96;27,52;25,37;446;16;77,18;16,61;92,3333333333333;16,7333333333333;746;9,052777778
"248";"7332_3_A";"b";"c";"16.05.2019";"15.06.2019";30;"no";450;108,36;168,29;77,68;30,68;28,31;446;16;77,18;16,61;92,3333333333333;16,7333333333333;746;9,052777778
"249";"7332_3_F";"b";"a";"16.05.2019";"15.06.2019";30;"yes";449,5;108,24;158,49;66,91;41,33;38,18;485;15,47;76,21;16,1;97;16,6;774,4;8,961111111
"250";"7332_3_F";"b";"a";"16.05.2019";"15.06.2019";30;"no";450,4;108,46;286,96;82,5;25,96;23,93;485;15,47;76,21;16,1;97;16,6;774,4;8,961111111
"251";"7332_3_G";"b";"b";"16.05.2019";"15.06.2019";30;"yes";450,6;108,5;203,41;86,83;21,67;19,98;429;16,02;77,09;16,64;93;16,7333333333333;739,5666667;9,061111111
"252";"7332_3_G";"b";"b";"16.05.2019";"15.06.2019";30;"no";450,1;108,38;159,66;60,33;48,05;44,34;429;16,02;77,09;16,64;93;16,7333333333333;739,5666667;9,061111111
"253";"7437_1_A";"b";"c";"16.05.2019";"12.06.2019";27;"yes";449,9;108,34;245,72;85,88;22,46;20,73;499;16,71;79,77;17,3;80;16,6333333333333;847,0666667;8,857222222
"254";"7437_1_A";"b";"c";"16.05.2019";"12.06.2019";27;"no";450,6;108,5;257,48;83,1;25,4;23,41;499;16,71;79,77;17,3;80;16,6333333333333;847,0666667;8,857222222
"255";"7437_1_F";"b";"a";"16.05.2019";"12.06.2019";27;"yes";449,8;108,31;261,78;82,41;25,9;23,91;498;15,45;79,1;16,26;82;16,5666666666667;852,6333333;8,845555556
"256";"7437_1_F";"b";"a";"16.05.2019";"12.06.2019";27;"no";449,9;108,34;325,55;80,78;27,56;25,44;498;15,45;79,1;16,26;82;16,5666666666667;852,6333333;8,845555556
"257";"7437_1_G";"b";"b";"16.05.2019";"12.06.2019";27;"yes";450,4;108,46;253,86;74,27;34,19;31,52;520;16,44;76,19;17,19;83;16,5666666666667;859,8;8,795555556
"258";"7437_1_G";"b";"b";"16.05.2019";"12.06.2019";27;"no";450,5;108,48;264,22;63,51;44,97;41,45;520;16,44;76,19;17,19;83;16,5666666666667;859,8;8,795555556
"259";"7446_1_F";"c";"a";"16.05.2019";"11.06.2019";26;"yes";450,6;108,5;136;99,1;9,4;8,67;468;16,22;77,83;16,83;91,3333333333333;17,7;885,9;9,130555556
"260";"7446_1_F";"c";"a";"16.05.2019";"11.06.2019";26;"no";449,4;108,22;194,76;105,09;3,13;2,89;468;16,22;77,83;16,83;91,3333333333333;17,7;885,9;9,130555556
"261";"7446_1_G";"c";"b";"16.05.2019";"11.06.2019";26;"yes";450;108,36;105,14;77,02;31,34;28,92;385;17;76,2;17,63;84;17,8666666666667;879,5666667;9,313611111
"262";"7446_1_G";"c";"b";"16.05.2019";"11.06.2019";26;"no";450;108,36;79,01;45,5;62,86;58,01;385;17;76,2;17,63;84;17,8666666666667;879,5666667;9,313611111
"263";"7446_1_U";"c";"d";"16.05.2019";"11.06.2019";26;"yes";449,6;108,26;99,33;74,31;33,95;31,36;321;16,16;78,38;16,86;76;18,3;850,2;9,646666667
"264";"7446_1_U";"c";"d";"16.05.2019";"11.06.2019";26;"no";450,1;108,38;177,85;79,17;29,21;26,95;321;16,16;78,38;16,86;76;18,3;850,2;9,646666667
"265";"7544_2_A";"b";"c";"16.05.2019";"12.06.2019";27;"yes";449,9;108,34;162,53;93,15;15,19;14,02;432;15,83;104,03;17,11;83,6666666666667;17,2333333333333;856,8;9,042777778
"266";"7544_2_A";"b";"c";"16.05.2019";"12.06.2019";27;"no";450,2;108,41;205,58;101,78;6,63;6,11;432;15,83;104,03;17,11;83,6666666666667;17,2333333333333;856,8;9,042777778
"267";"7544_2_F";"b";"a";"16.05.2019";"12.06.2019";27;"yes";450,8;108,55;163;99,53;9,02;8,31;474;16,74;74,51;17,26;86;17,2666666666667;850,8;9,0625
"268";"7544_2_F";"b";"a";"16.05.2019";"12.06.2019";27;"no";449,2;108,17;159,28;101,49;6,68;6,17;474;16,74;74,51;17,26;86;17,2666666666667;850,8;9,0625
"269";"7544_2_G";"b";"b";"16.05.2019";"12.06.2019";27;"yes";450,7;108,53;193,42;68,7;39,83;36,7;421;16,66;76,97;17,28;84,3333333333333;17,2;866,2666667;9,006388889
"270";"7544_2_G";"b";"b";"16.05.2019";"12.06.2019";27;"no";450,2;108,41;252,26;69,02;39,39;36,33;421;16,66;76,97;17,28;84,3333333333333;17,2;866,2666667;9,006388889
"271";"7545_2_A";"b";"c";"16.05.2019";"12.06.2019";27;"yes";449,2;108,17;154,05;77,18;30,99;28,65;331;NA;NA;NA;90,6666666666667;17,8333333333333;832,3666667;9,351111111
"272";"7545_2_A";"b";"c";"16.05.2019";"12.06.2019";27;"no";449,4;108,22;268,89;85,55;22,67;20,94;331;NA;NA;NA;90,6666666666667;17,8333333333333;832,3666667;9,351111111
"273";"7545_2_F";"b";"a";"16.05.2019";"12.06.2019";27;"yes";449,6;108,26;183,67;87,26;21;19,4;393;16,08;82,17;16,77;89,3333333333333;17,8;846,5;9,320833333
"274";"7545_2_F";"b";"a";"16.05.2019";"12.06.2019";27;"no";449,3;108,19;175,57;64,34;43,85;40,53;393;16,08;82,17;16,77;89,3333333333333;17,8;846,5;9,320833333
"275";"7545_2_U";"b";"d";"16.05.2019";"12.06.2019";27;"yes";450,2;108,41;187,55;76,33;32,08;29,59;342;17,26;76,19;17,78;89;17,9333333333333;834,4;9,409444444
"276";"7545_2_U";"b";"d";"16.05.2019";"12.06.2019";27;"no";449,6;108,26;NA;NA;NA;NA;342;17,26;76,19;17,78;89;17,9333333333333;834,4;9,409444444
"277";"7546_3_A";"b";"c";"16.05.2019";"12.06.2019";27;"yes";450,3;108,43;166,13;80,05;28,38;26,18;304;17,76;78,41;17,94;84,3333333333333;18,0333333333333;778,1333333;9,576944444
"278";"7546_3_A";"b";"c";"16.05.2019";"12.06.2019";27;"no";449,8;108,31;216,7;75,26;33,05;30,52;304;17,76;78,41;17,94;84,3333333333333;18,0333333333333;778,1333333;9,576944444
"279";"7546_3_G";"b";"b";"16.05.2019";"12.06.2019";27;"yes";450,6;108,5;213,96;94,66;13,84;12,76;312;17,88;74,98;18,12;88,6666666666667;18,0333333333333;784,3;9,565833333
"280";"7546_3_G";"b";"b";"16.05.2019";"12.06.2019";27;"no";450,4;108,46;301,47;85,97;22,49;20,73;312;17,88;74,98;18,12;88,6666666666667;18,0333333333333;784,3;9,565833333
"281";"7546_3_U";"b";"d";"16.05.2019";"12.06.2019";27;"yes";450,4;108,46;94,37;57;51,46;47,44;309;17,99;73,09;18,1;87,6666666666667;17,9666666666667;783,9333333;9,562222222
"282";"7546_3_U";"b";"d";"16.05.2019";"12.06.2019";27;"no";450,6;108,5;179,45;80,77;27,73;25,56;309;17,99;73,09;18,1;87,6666666666667;17,9666666666667;783,9333333;9,562222222
"283";"7730_2_A";"c";"c";"23.05.2019";"20.06.2019";28;"yes";450,1;108,38;197,73;72,06;36,32;33,51;553;17,03;79,23;16,75;126;16;935,7666667;8,688055556
"284";"7730_2_A";"c";"c";"23.05.2019";"20.06.2019";28;"no";450;108,36;223,07;68,26;40,1;37,01;553;17,03;79,23;16,75;126;16;935,7666667;8,688055556
"285";"7730_2_F";"c";"a";"23.05.2019";"20.06.2019";28;"yes";450,4;108,46;270,18;83,84;24,62;22,7;593;16,81;77,16;16,4;125;15,9666666666667;943,1;8,679444444
"286";"7730_2_F";"c";"a";"23.05.2019";"20.06.2019";28;"no";450;108,36;341,36;82,2;26,16;24,14;593;16,81;77,16;16,4;125;15,9666666666667;943,1;8,679444444
"287";"7730_2_U";"c";"d";"24.05.2019";"20.06.2019";27;"yes";449,8;108,31;287,39;83,96;24,35;22,48;524;18,8;70,14;18,39;120,333333333333;16,3;885;8,8975
"288";"7730_2_U";"c";"d";"24.05.2019";"20.06.2019";27;"no";449,6;108,26;328,33;90,56;17,7;16,35;524;18,8;70,14;18,39;120,333333333333;16,3;885;8,8975
"289";"7835_1_F";"c";"a";"16.05.2019";"12.06.2019";27;"yes";449,6;108,26;148,27;55,39;52,87;48,84;509;15,49;78,19;16,67;123,333333333333;17,5;945,7666667;9,789722222
"290";"7835_1_F";"c";"a";"16.05.2019";"12.06.2019";27;"no";450,7;108,53;325,7;77,56;30,97;28,53;509;15,49;78,19;16,67;123,333333333333;17,5;945,7666667;9,789722222
"291";"7835_1_G";"c";"b";"16.05.2019";"12.06.2019";27;"yes";450,1;108,38;198,21;86,22;22,16;20,45;503;15,27;82,03;16,97;123,666666666667;17,5333333333333;942,2333333;9,816944444
"292";"7835_1_G";"c";"b";"16.05.2019";"12.06.2019";27;"no";450,2;108,41;254,32;70,42;37,99;35,04;503;15,27;82,03;16,97;123,666666666667;17,5333333333333;942,2333333;9,816944444
"293";"7835_1_U";"c";"d";"16.05.2019";"12.06.2019";27;"yes";450,7;108,53;292,21;80,17;28,36;26,13;510;15,59;75,58;17,54;125,666666666667;17,5333333333333;957,9666667;9,894166667
"294";"7835_1_U";"c";"d";"16.05.2019";"12.06.2019";27;"no";449,7;108,29;263,04;59,53;48,76;45,03;510;15,59;75,58;17,54;125,666666666667;17,5333333333333;957,9666667;9,894166667
"295";"7837_4_A";"a";"c";"15.05.2019";"13.06.2019";29;"yes";450,5;108,48;83,34;28,94;79,54;73,32;569;15,24;77,63;16,47;143;16,5333333333333;1040,533333;8,849166667
"296";"7837_4_A";"a";"c";"15.05.2019";"13.06.2019";29;"no";449,5;108,24;214,09;75,92;32,32;29,86;569;15,24;77,63;16,47;143;16,5333333333333;1040,533333;8,849166667
"297";"7837_4_F";"a";"a";"15.05.2019";"13.06.2019";29;"yes";450;108,36;145,67;69,12;39,24;36,21;557;14,32;82,71;15,52;137;16,6;1022,833333;8,914722222
"298";"7837_4_F";"a";"a";"15.05.2019";"13.06.2019";29;"no";450,6;108,5;237,61;84,24;24,26;22,36;557;14,32;82,71;15,52;137;16,6;1022,833333;8,914722222
"299";"7837_4_U";"a";"d";"15.05.2019";"13.06.2019";29;"yes";450,6;108,5;108,1;44,39;64,11;59,09;595;14,86;75,73;16,36;155,666666666667;16,4;1073,6;8,765277778
"300";"7837_4_U";"a";"d";"15.05.2019";"13.06.2019";29;"no";449,7;108,29;212,58;59,71;48,58;44,86;595;14,86;75,73;16,36;155,666666666667;16,4;1073,6;8,765277778
"301";"7935_2_A";"c";"c";"14.05.2019";"15.06.2019";32;"yes";450,5;108,48;110,94;84,72;23,76;21,9;558;15,64;75,6;17,23;131,333333333333;16,4;1050,966667;9,013333333
"302";"7935_2_A";"c";"c";"14.05.2019";"15.06.2019";32;"no";450,4;108,46;169,9;76,74;31,72;29,24;558;15,64;75,6;17,23;131,333333333333;16,4;1050,966667;9,013333333
"303";"7935_2_F";"c";"a";"14.05.2019";"15.06.2019";32;"yes";450,3;108,43;147,66;49,04;59,39;54,77;551;14,21;83,62;15,34;132;16,6333333333333;1024,066667;9,296666667
"304";"7935_2_F";"c";"a";"14.05.2019";"15.06.2019";32;"no";450,1;108,38;291,44;74,34;34,04;31,41;551;14,21;83,62;15,34;132;16,6333333333333;1024,066667;9,296666667
"305";"7935_2_U";"c";"d";"14.05.2019";"15.06.2019";32;"yes";449,9;108,34;156,32;57;51,34;47,39;553;15,35;75,41;16,68;131;16,4666666666667;1045,133333;9,053055556
"306";"7935_2_U";"c";"d";"14.05.2019";"15.06.2019";32;"no";450,6;108,5;118,23;33,99;74,51;68,67;553;15,35;75,41;16,68;131;16,4666666666667;1045,133333;9,053055556
"307";"8030_1_A";"b";"c";"23.05.2019";"19.06.2019";27;"yes";450,2;108,41;336,45;81,17;27,24;25,13;638;17,1;78,47;19,35;119;15,9333333333333;1012,333333;8,459444444
"308";"8030_1_A";"b";"c";"23.05.2019";"19.06.2019";27;"no";450,3;108,43;323,61;84,55;23,88;22,03;638;17,1;78,47;19,35;119;15,9333333333333;1012,333333;8,459444444
"309";"8030_1_F";"b";"a";"23.05.2019";"20.06.2019";28;"yes";449,5;108,24;347,95;84,39;23,85;22,03;650;17,19;76,85;17,73;120;15,8666666666667;1024,8;8,385833333
"310";"8030_1_F";"b";"a";"23.05.2019";"20.06.2019";28;"no";449,8;108,31;319,1;81,77;26,54;24,51;650;17,19;76,85;17,73;120;15,8666666666667;1024,8;8,385833333
"311";"8030_1_G";"b";"b";"23.05.2019";"19.06.2019";27;"yes";449,8;108,31;319,78;77,77;30,54;28,2;636;16,26;75,81;15,82;118,333333333333;15,9;1011,4;8,468611111
"312";"8030_1_G";"b";"b";"23.05.2019";"19.06.2019";27;"no";450;108,36;326,92;80,23;28,13;25,96;636;16,26;75,81;15,82;118,333333333333;15,9;1011,4;8,468611111
"313";"8130_2_A";"a";"c";"16.05.2019";"12.06.2019";27;"yes";450;108,36;281,73;69,13;39,23;36,2;724;13,6;82,53;15,07;120,333333333333;15,4666666666667;1097,366667;8,193611111
"314";"8130_2_A";"a";"c";"16.05.2019";"12.06.2019";27;"no";450;108,36;210,37;50,74;57,62;53,17;724;13,6;82,53;15,07;120,333333333333;15,4666666666667;1097,366667;8,193611111
"315";"8130_2_F";"a";"a";"16.05.2019";"12.06.2019";27;"yes";449,5;108,24;274,09;67,25;40,99;37,87;776;12,89;83,52;14,3;127,333333333333;15,1666666666667;1161,333333;7,925
"316";"8130_2_F";"a";"a";"16.05.2019";"12.06.2019";27;"no";450,5;108,48;350,57;80,75;27,73;25,56;776;12,89;83,52;14,3;127,333333333333;15,1666666666667;1161,333333;7,925
"317";"8130_2_G";"a";"b";"17.05.2019";"12.06.2019";26;"yes";450,2;108,41;126,77;29,98;78,43;72,35;742;13,72;82,42;15,01;130,666666666667;15,0666666666667;1189,666667;7,878333333
"318";"8130_2_G";"a";"b";"17.05.2019";"12.06.2019";26;"no";449,7;108,29;165,25;42,72;65,57;60,55;742;13,72;82,42;15,01;130,666666666667;15,0666666666667;1189,666667;7,878333333
"319";"8131_3_F";"c";"a";"29.05.2019";"19.06.2019";21;"yes";450,1;108,38;206,59;73,94;34,44;31,78;761;15,77;77,77;14,92;127,666666666667;15,4666666666667;1143,2;8,255833333
"320";"8131_3_F";"c";"a";"29.05.2019";"19.06.2019";21;"no";450,5;108,48;248,89;81,37;27,11;24,99;761;15,77;77,77;14,92;127,666666666667;15,4666666666667;1143,2;8,255833333
"321";"8131_3_G";"c";"b";"24.05.2019";"19.06.2019";26;"yes";449,5;108,24;154,8;49,36;58,88;54,4;730;16,17;80,93;15,84;127,666666666667;15,4666666666667;1143,2;8,255833333
"322";"8131_3_G";"c";"b";"24.05.2019";"19.06.2019";26;"no";450,3;108,43;243,44;65,35;43,08;39,73;730;16,17;80,93;15,84;127,666666666667;15,4666666666667;1143,2;8,255833333
"323";"8131_3_U";"c";"d";"24.05.2019";"19.06.2019";26;"yes";449,5;108,24;169,49;71,38;36,86;34,05;728;17,23;74,48;16,78;127;15,5333333333333;1123,466667;8,301666667
"324";"8131_3_U";"c";"d";"24.05.2019";"19.06.2019";26;"no";450,2;108,41;242,88;73,77;34,64;31,95;728;17,23;74,48;16,78;127;15,5333333333333;1123,466667;8,301666667
"325";"8141_2_F";"c";"a";"15.05.2019";"19.06.2019";35;"yes";450,5;108,48;87,45;69,01;39,47;36,38;620;15,97;81,67;17,95;166,666666666667;16,4;1369,566667;8,756666667
"326";"8141_2_F";"c";"a";"15.05.2019";"19.06.2019";35;"no";450,4;108,46;144,89;61,54;46,92;43,26;620;15,97;81,67;17,95;166,666666666667;16,4;1369,566667;8,756666667
"327";"8141_2_G";"c";"b";"14.05.2019";"19.06.2019";36;"yes";450,5;108,48;52,54;45,9;62,58;57,69;612;17,08;73,78;19,35;170;16,3666666666667;1420,4;8,794722222
"328";"8141_2_G";"c";"b";"14.05.2019";"19.06.2019";36;"no";450,1;108,38;120,96;56,18;52,2;48,17;612;17,08;73,78;19,35;170;16,3666666666667;1420,4;8,794722222
"329";"8141_2_U";"c";"d";"15.05.2019";"19.06.2019";35;"yes";449,8;108,31;106,73;90,41;17,9;16,53;616;17,28;70,36;19,54;170;16,5333333333333;1467,5;8,951388889
"330";"8141_2_U";"c";"d";"15.05.2019";"19.06.2019";35;"no";449,9;108,34;143,13;79,31;29,03;26,79;616;17,28;70,36;19,54;170;16,5333333333333;1467,5;8,951388889
"331";"8229_2_F";"c";"a";"17.05.2019";"13.06.2019";27;"yes";449,8;108,31;251,34;56,19;52,12;48,12;807;14,43;76,11;15,59;141,333333333333;15,2;1221,2;7,868888889
"332";"8229_2_F";"c";"a";"17.05.2019";"13.06.2019";27;"no";450,2;108,41;346,06;77,21;31,2;28,78;807;14,43;76,11;15,59;141,333333333333;15,2;1221,2;7,868888889
"333";"8229_2_G";"c";"b";"17.05.2019";"13.06.2019";27;"yes";450,8;108,55;154,84;44,06;64,49;59,41;769;15,57;77,36;15,99;135,333333333333;15,3;1200,2;7,9375
"334";"8229_2_G";"c";"b";"17.05.2019";"13.06.2019";27;"no";449,7;108,29;146,14;35,42;72,87;67,29;769;15,57;77,36;15,99;135,333333333333;15,3;1200,2;7,9375
"335";"8229_2_U";"c";"d";"17.05.2019";"13.06.2019";27;"yes";450,3;108,43;144,51;45,28;63,15;58,24;749;15,48;75,01;15,9;145,333333333333;15,2333333333333;1225,133333;7,849722222
"336";"8229_2_U";"c";"d";"17.05.2019";"13.06.2019";27;"no";450;108,36;252,36;68,83;39,53;36,48;749;15,48;75,01;15,9;145,333333333333;15,2333333333333;1225,133333;7,849722222
"337";"8235_1_F";"c";"a";"13.05.2019";"12.06.2019";30;"yes";450,2;108,41;249,29;74,47;33,94;31,31;652;13,71;82,59;15,3;181,666666666667;15,9;1452,333333;8,331388889
"338";"8235_1_F";"c";"a";"13.05.2019";"12.06.2019";30;"no";450,1;108,38;151,27;66,74;41,64;38,42;652;13,71;82,59;15,3;181,666666666667;15,9;1452,333333;8,331388889
"339";"8235_1_G";"c";"b";"11.05.2019";"12.06.2019";32;"yes";450,8;108,55;196,2;61,69;46,86;43,17;650;13,92;78,37;15,77;181,666666666667;15,9;1452,333333;8,331388889
"340";"8235_1_G";"c";"b";"11.05.2019";"12.06.2019";32;"no";450,4;108,46;144,21;63,54;44,92;41,41;650;13,92;78,37;15,77;181,666666666667;15,9;1452,333333;8,331388889
"341";"8235_1_U";"c";"d";"11.05.2019";"12.06.2019";32;"yes";450,6;108,5;26,47;22,3;86,2;79,45;715;NA;NA;NA;185,666666666667;15,5333333333333;1532,633333;8,067222222
"342";"8235_1_U";"c";"d";"11.05.2019";"12.06.2019";32;"no";450,6;108,5;56,9;46,49;62,01;57,15;715;NA;NA;NA;185,666666666667;15,5333333333333;1532,633333;8,067222222
"343";"8240_2_F";"c";"a";"15.05.2019";"19.06.2019";35;"yes";449,5;108,24;157,46;84,08;24,16;22,32;786;16,42;74,28;18,65;207,666666666667;14,8;1801;7,080833333
"344";"8240_2_F";"c";"a";"15.05.2019";"19.06.2019";35;"no";449,9;108,34;128,16;44,48;63,86;58,94;786;16,42;74,28;18,65;207,666666666667;14,8;1801;7,080833333
"345";"8240_2_G";"c";"b";"15.05.2019";"19.06.2019";35;"yes";450,2;108,41;104,36;80,39;28,02;25,85;539;17,22;74,36;19,58;170,666666666667;16,6;1525,4;8,473333333
"346";"8240_2_G";"c";"b";"15.05.2019";"19.06.2019";35;"no";449,8;108,31;159,37;67,05;41,26;38,1;539;17,22;74,36;19,58;170,666666666667;16,6;1525,4;8,473333333
"347";"8240_2_U";"c";"d";"15.05.2019";"21.06.2019";37;"yes";450,6;108,5;105,74;92,91;15,59;14,37;543;16,77;72,01;19,31;173;16,4666666666667;1537,933333;8,349722222
"348";"8240_2_U";"c";"d";"15.05.2019";"21.06.2019";37;"no";450,4;108,46;112,72;86,3;22,16;20,43;543;16,77;72,01;19,31;173;16,4666666666667;1537,933333;8,349722222
"349";"8243_1_F";"a";"a";"18.05.2019";"20.06.2019";33;"yes";450,5;108,48;139,47;61,08;47,4;43,69;933;15,74;77,44;17,12;213,333333333333;13,7666666666667;1961,433333;6,776944444
"350";"8243_1_F";"a";"a";"18.05.2019";"20.06.2019";33;"no";450;108,36;316,08;88,24;20,12;18,57;933;15,74;77,44;17,12;213,333333333333;13,7666666666667;1961,433333;6,776944444
"351";"8243_1_G";"a";"b";"18.05.2019";"20.06.2019";33;"yes";450;108,36;89,1;50,92;57,44;53,01;456;17,96;74,67;19,52;144,333333333333;16,6;1370,866667;9,148611111
"352";"8243_1_G";"a";"b";"18.05.2019";"20.06.2019";33;"no";450;108,36;137,93;61,91;46,45;42,87;456;17,96;74,67;19,52;144,333333333333;16,6;1370,866667;9,148611111
"353";"8243_1_U";"a";"d";"18.05.2019";"20.06.2019";33;"yes";450;108,36;169,31;86,47;21,89;20,2;474;18,6;72,92;20,23;140;16,6666666666667;1292,6;9,150277778
"354";"8243_1_U";"a";"d";"18.05.2019";"20.06.2019";33;"no";450;108,36;174,04;71,89;36,47;33,66;474;18,6;72,92;20,23;140;16,6666666666667;1292,6;9,150277778
"355";"8343_4_F";"a";"a";"18.05.2019";"20.06.2019";33;"yes";449,9;108,34;165,99;92,31;16,03;14,79;842;17,69;70,29;19,02;154;14,8666666666667;1752,933333;7,549722222
"356";"8343_4_F";"a";"a";"18.05.2019";"20.06.2019";33;"no";450,2;108,41;175,83;94,11;14,3;13,19;842;17,69;70,29;19,02;154;14,8666666666667;1752,933333;7,549722222
"357";"8343_4_G";"a";"b";"18.05.2019";"20.06.2019";33;"yes";449,9;108,34;118,85;68,76;39,58;36,53;597;16,98;76,51;18,44;139;16,2666666666667;1556,2;8,644722222
"358";"8343_4_G";"a";"b";"18.05.2019";"20.06.2019";33;"no";450;108,36;148,83;73,9;34,46;31,8;597;16,98;76,51;18,44;139;16,2666666666667;1556,2;8,644722222
